UMP-45 | Caramel;The Assault Collection;Consumer Grade
AUG | Hot Rod;The Assault Collection;Mil-Spec
Glock-18 | Fade;The Assault Collection;Restricted
MP9 | Bulldozer;The Assault Collection;Restricted
SG 553 | Tornado;The Assault Collection;Consumer Grade
Negev | Anodized Navy;The Assault Collection;Mil-Spec
Five-SeveN | Candy Apple;The Assault Collection;Industrial Grade
FAMAS | Contrast Spray;The Office Collection;Consumer Grade
M249 | Blizzard Marbleized;The Office Collection;Industrial Grade
MP7 | Whiteout;The Office Collection;Mil-Spec
P2000 | Silver;The Office Collection;Mil-Spec
G3SG1 | Arctic Camo;The Office Collection;Industrial Grade
Galil AR | Winter Forest;The Office Collection;Industrial Grade
XM1014 | Fallout Warning;The Nuke Collection;Industrial Grade
M4A4 | Radiation Hazard;The Nuke Collection;Mil-Spec
UMP-45 | Fallout Warning;The Nuke Collection;Industrial Grade
PP-Bizon | Irradiated Alert;The Nuke Collection;Consumer Grade
P90 | Fallout Warning;The Nuke Collection;Industrial Grade
Tec-9 | Nuclear Threat;The Nuke Collection;Restricted
P250 | Nuclear Threat;The Nuke Collection;Restricted
Sawed-Off | Irradiated Alert;The Nuke Collection;Consumer Grade
MAG-7 | Irradiated Alert;The Nuke Collection;Consumer Grade
SCAR-20 | Splash Jam;The Militia Collection;Classified
Nova | Modern Hunter;The Militia Collection;Mil-Spec
PP-Bizon | Forest Leaves;The Militia Collection;Consumer Grade
PP-Bizon | Modern Hunter;The Militia Collection;Mil-Spec
XM1014 | Blaze Orange;The Militia Collection;Mil-Spec
P250 | Modern Hunter;The Militia Collection;Mil-Spec
MAC-10 | Tornado;The Militia Collection;Consumer Grade
Nova | Blaze Orange;The Militia Collection;Mil-Spec
XM1014 | Grassland;The Militia Collection;Consumer Grade
P2000 | Grassland Leaves;The Militia Collection;Industrial Grade
M4A4 | Modern Hunter;The Militia Collection;Restricted
Nova | Walnut;The Inferno Collection;Consumer Grade
M4A4 | Tornado;The Inferno Collection;Industrial Grade
Tec-9 | Brass;The Inferno Collection;Mil-Spec
P250 | Gunsmoke;The Inferno Collection;Industrial Grade
Dual Berettas | Anodized Navy;The Inferno Collection;Mil-Spec
MAG-7 | Sand Dune;The Inferno Collection;Consumer Grade
AK-47 | Black Laminate;The Vertigo Collection;Mil-Spec
PP-Bizon | Carbon Fiber;The Vertigo Collection;Industrial Grade
MAC-10 | Urban DDPAT;The Vertigo Collection;Consumer Grade
P90 | Glacier Mesh;The Vertigo Collection;Mil-Spec
Dual Berettas | Demolition;The Vertigo Collection;Restricted
XM1014 | Urban Perforated;The Vertigo Collection;Consumer Grade
M4A4 | Jungle Tiger;The Aztec Collection;Industrial Grade
SSG 08 | Lichen Dashed;The Aztec Collection;Consumer Grade
Five-SeveN | Jungle;The Aztec Collection;Consumer Grade
Tec-9 | Ossified;The Aztec Collection;Mil-Spec
Nova | Forest Leaves;The Aztec Collection;Consumer Grade
AK-47 | Jungle Spray;The Aztec Collection;Industrial Grade
AK-47 | Predator;The Dust Collection;Industrial Grade
SCAR-20 | Palm;The Dust Collection;Industrial Grade
Sawed-Off | Copper;The Dust Collection;Mil-Spec
M4A4 | Desert Storm;The Dust Collection;Industrial Grade
AUG | Copperhead;The Dust Collection;Mil-Spec
Glock-18 | Brass;The Dust Collection;Restricted
P2000 | Scorpion;The Dust Collection;Restricted
Desert Eagle | Blaze;The Dust Collection;Restricted
AWP | Snake Camo;The Dust Collection;Mil-Spec
P90 | Death by Kitty;eSports 2013 Case;Covert
AWP | BOOM;eSports 2013 Case;Classified
MAG-7 | Memento;eSports 2013 Case;Mil-Spec
Galil AR | Orange DDPAT;eSports 2013 Case;Restricted
FAMAS | Doomkitty;eSports 2013 Case;Mil-Spec
P250 | Splash;eSports 2013 Case;Restricted
Sawed-Off | Orange DDPAT;eSports 2013 Case;Restricted
M4A4 | Faded Zebra;eSports 2013 Case;Mil-Spec
AK-47 | Red Laminate;eSports 2013 Case;Classified
AWP | Lightning Strike;CS:GO Weapon Case;Covert
AUG | Wings;CS:GO Weapon Case;Mil-Spec
SG 553 | Ultraviolet;CS:GO Weapon Case;Mil-Spec
AK-47 | Case Hardened;CS:GO Weapon Case;Classified
Desert Eagle | Hypnotic;CS:GO Weapon Case;Classified
Glock-18 | Dragon Tattoo;CS:GO Weapon Case;Restricted
USP-S | Dark Water;CS:GO Weapon Case;Restricted
MP7 | Skulls;CS:GO Weapon Case;Mil-Spec
M4A1-S | Dark Water;CS:GO Weapon Case;Restricted
SCAR-20 | Emerald;The Alpha Collection;Restricted
MP7 | Groundwater;The Alpha Collection;Consumer Grade
AUG | Anodized Navy;The Alpha Collection;Mil-Spec
FAMAS | Spitfire;The Alpha Collection;Restricted
PP-Bizon | Rust Coat;The Alpha Collection;Mil-Spec
XM1014 | Jungle;The Alpha Collection;Consumer Grade
Five-SeveN | Anodized Gunmetal;The Alpha Collection;Consumer Grade
P250 | Facets;The Alpha Collection;Industrial Grade
MP9 | Dry Season;The Alpha Collection;Consumer Grade
Sawed-Off | Mosaico;The Alpha Collection;Industrial Grade
MAG-7 | Hazard;The Alpha Collection;Mil-Spec
Negev | Palm;The Alpha Collection;Industrial Grade
Tec-9 | Tornado;The Alpha Collection;Consumer Grade
M249 | Jungle DDPAT;The Alpha Collection;Consumer Grade
SSG 08 | Mayan Dreams;The Alpha Collection;Industrial Grade
Glock-18 | Sand Dune;The Alpha Collection;Industrial Grade
USP-S | Overgrowth;Operation Bravo Case;Restricted
AWP | Graphite;Operation Bravo Case;Classified
G3SG1 | Demeter;Operation Bravo Case;Mil-Spec
Galil AR | Shattered;Operation Bravo Case;Mil-Spec
SG 553 | Wave Spray;Operation Bravo Case;Mil-Spec
AK-47 | Fire Serpent;Operation Bravo Case;Covert
UMP-45 | Bone Pile;Operation Bravo Case;Mil-Spec
MAC-10 | Graven;Operation Bravo Case;Restricted
P2000 | Ocean Foam;Operation Bravo Case;Classified
Dual Berettas | Black Limba;Operation Bravo Case;Mil-Spec
M4A4 | Zirka;Operation Bravo Case;Restricted
Desert Eagle | Golden Koi;Operation Bravo Case;Covert
P90 | Emerald Dragon;Operation Bravo Case;Classified
Nova | Tempest;Operation Bravo Case;Mil-Spec
M4A1-S | Bright Water;Operation Bravo Case;Restricted
SSG 08 | Blood in the Water;CS:GO Weapon Case 2;Covert
USP-S | Serum;CS:GO Weapon Case 2;Classified
M4A1-S | Blood Tiger;CS:GO Weapon Case 2;Mil-Spec
MP9 | Hypnotic;CS:GO Weapon Case 2;Restricted
P90 | Cold Blooded;CS:GO Weapon Case 2;Classified
Dual Berettas | Hemoglobin;CS:GO Weapon Case 2;Restricted
P250 | Hive;CS:GO Weapon Case 2;Mil-Spec
Five-SeveN | Case Hardened;CS:GO Weapon Case 2;Restricted
FAMAS | Hexane;CS:GO Weapon Case 2;Mil-Spec
Tec-9 | Blue Titanium;CS:GO Weapon Case 2;Mil-Spec
Nova | Graphite;CS:GO Weapon Case 2;Restricted
SCAR-20 | Crimson Web;CS:GO Weapon Case 2;Mil-Spec
G3SG1 | Desert Storm;The Dust 2 Collection;Consumer Grade
P250 | Sand Dune;The Dust 2 Collection;Consumer Grade
Sawed-Off | Snake Camo;The Dust 2 Collection;Industrial Grade
SG 553 | Damascus Steel;The Dust 2 Collection;Mil-Spec
AK-47 | Safari Mesh;The Dust 2 Collection;Industrial Grade
SCAR-20 | Sand Mesh;The Dust 2 Collection;Consumer Grade
Five-SeveN | Orange Peel;The Dust 2 Collection;Industrial Grade
P2000 | Amber Fade;The Dust 2 Collection;Restricted
P90 | Sand Spray;The Dust 2 Collection;Consumer Grade
MP9 | Sand Dashed;The Dust 2 Collection;Consumer Grade
PP-Bizon | Brass;The Dust 2 Collection;Mil-Spec
MAC-10 | Palm;The Dust 2 Collection;Industrial Grade
Tec-9 | VariCamo;The Dust 2 Collection;Industrial Grade
Nova | Predator;The Dust 2 Collection;Consumer Grade
M4A1-S | VariCamo;The Dust 2 Collection;Mil-Spec
XM1014 | CaliCamo;The Italy Collection;Industrial Grade
Tec-9 | Groundwater;The Italy Collection;Consumer Grade
Sawed-Off | Full Stop;The Italy Collection;Mil-Spec
AUG | Contractor;The Italy Collection;Consumer Grade
M4A1-S | Boreal Forest;The Italy Collection;Industrial Grade
FAMAS | Colony;The Italy Collection;Consumer Grade
UMP-45 | Gunsmoke;The Italy Collection;Industrial Grade
AWP | Pit Viper;The Italy Collection;Restricted
Nova | Sand Dune;The Italy Collection;Consumer Grade
Glock-18 | Candy Apple;The Italy Collection;Mil-Spec
P2000 | Granite Marbleized;The Italy Collection;Industrial Grade
Dual Berettas | Stained;The Italy Collection;Industrial Grade
MP7 | Anodized Navy;The Italy Collection;Mil-Spec
PP-Bizon | Sand Dashed;The Italy Collection;Consumer Grade
Nova | Candy Apple;The Italy Collection;Industrial Grade
P250 | Boreal Forest;The Lake Collection;Consumer Grade
USP-S | Night Ops;The Lake Collection;Mil-Spec
Desert Eagle | Mudder;The Lake Collection;Industrial Grade
XM1014 | Blue Spruce;The Lake Collection;Consumer Grade
AUG | Storm;The Lake Collection;Consumer Grade
AWP | Safari Mesh;The Lake Collection;Industrial Grade
Dual Berettas | Cobalt Quartz;The Lake Collection;Restricted
Galil AR | Sage Spray;The Lake Collection;Consumer Grade
PP-Bizon | Night Ops;The Lake Collection;Industrial Grade
P90 | Teardown;The Lake Collection;Mil-Spec
SG 553 | Waves Perforated;The Lake Collection;Consumer Grade
G3SG1 | Jungle Dashed;The Lake Collection;Consumer Grade
FAMAS | Cyanospatter;The Lake Collection;Industrial Grade
XM1014 | Blue Steel;The Lake Collection;Industrial Grade
SG 553 | Anodized Navy;The Lake Collection;Mil-Spec
P250 | Bone Mask;The Mirage Collection;Consumer Grade
Negev | CaliCamo;The Mirage Collection;Industrial Grade
Five-SeveN | Contractor;The Mirage Collection;Consumer Grade
AUG | Colony;The Mirage Collection;Consumer Grade
MAG-7 | Bulldozer;The Mirage Collection;Restricted
MAC-10 | Amber Fade;The Mirage Collection;Mil-Spec
G3SG1 | Safari Mesh;The Mirage Collection;Consumer Grade
SSG 08 | Tropical Storm;The Mirage Collection;Industrial Grade
P90 | Scorched;The Mirage Collection;Consumer Grade
SG 553 | Gator Mesh;The Mirage Collection;Industrial Grade
Galil AR | Hunting Blind;The Mirage Collection;Consumer Grade
Glock-18 | Groundwater;The Mirage Collection;Industrial Grade
UMP-45 | Blaze;The Mirage Collection;Mil-Spec
MP7 | Orange Peel;The Mirage Collection;Industrial Grade
MP9 | Hot Rod;The Mirage Collection;Mil-Spec
Dual Berettas | Contractor;The Safehouse Collection;Consumer Grade
SCAR-20 | Contractor;The Safehouse Collection;Consumer Grade
G3SG1 | VariCamo;The Safehouse Collection;Industrial Grade
SSG 08 | Blue Spruce;The Safehouse Collection;Consumer Grade
SSG 08 | Acid Fade;The Safehouse Collection;Mil-Spec
M249 | Gator Mesh;The Safehouse Collection;Industrial Grade
Galil AR | VariCamo;The Safehouse Collection;Industrial Grade
M4A1-S | Nitro;The Safehouse Collection;Restricted
Tec-9 | Army Mesh;The Safehouse Collection;Consumer Grade
Five-SeveN | Silver Quartz;The Safehouse Collection;Mil-Spec
MP7 | Army Recon;The Safehouse Collection;Consumer Grade
USP-S | Forest Leaves;The Safehouse Collection;Industrial Grade
AUG | Condemned;The Safehouse Collection;Industrial Grade
FAMAS | Teardown;The Safehouse Collection;Mil-Spec
MP9 | Orange Peel;The Safehouse Collection;Industrial Grade
UMP-45 | Urban DDPAT;The Train Collection;Consumer Grade
P250 | Metallic DDPAT;The Train Collection;Industrial Grade
Dual Berettas | Colony;The Train Collection;Consumer Grade
G3SG1 | Polar Camo;The Train Collection;Consumer Grade
Desert Eagle | Urban Rubble;The Train Collection;Mil-Spec
Tec-9 | Red Quartz;The Train Collection;Restricted
Five-SeveN | Forest Night;The Train Collection;Consumer Grade
MAG-7 | Metallic DDPAT;The Train Collection;Industrial Grade
SCAR-20 | Carbon Fiber;The Train Collection;Industrial Grade
Sawed-Off | Amber Fade;The Train Collection;Mil-Spec
Nova | Polar Mesh;The Train Collection;Consumer Grade
P90 | Ash Wood;The Train Collection;Industrial Grade
PP-Bizon | Urban Dashed;The Train Collection;Consumer Grade
MAC-10 | Candy Apple;The Train Collection;Industrial Grade
M4A4 | Urban DDPAT;The Train Collection;Industrial Grade
Galil AR | Sandstorm;Winter Offensive Weapon Case;Mil-Spec
Five-SeveN | Kami;Winter Offensive Weapon Case;Mil-Spec
M249 | Magma;Winter Offensive Weapon Case;Mil-Spec
PP-Bizon | Cobalt Halftone;Winter Offensive Weapon Case;Mil-Spec
FAMAS | Pulse;Winter Offensive Weapon Case;Restricted
Dual Berettas | Marina;Winter Offensive Weapon Case;Restricted
MP9 | Rose Iron;Winter Offensive Weapon Case;Restricted
Nova | Rising Skull;Winter Offensive Weapon Case;Restricted
M4A1-S | Guardian;Winter Offensive Weapon Case;Classified
P250 | Mehndi;Winter Offensive Weapon Case;Classified
AWP | Redline;Winter Offensive Weapon Case;Classified
M4A4 | Asiimov;Winter Offensive Weapon Case;Covert
Galil AR | Blue Titanium;eSports 2013 Winter Case;Mil-Spec
AK-47 | Blue Laminate;eSports 2013 Winter Case;Restricted
Desert Eagle | Cobalt Disruption;eSports 2013 Winter Case;Classified
PP-Bizon | Water Sigil;eSports 2013 Winter Case;Mil-Spec
Nova | Ghost Camo;eSports 2013 Winter Case;Mil-Spec
AWP | Electric Hive;eSports 2013 Winter Case;Classified
M4A4 | X-Ray;eSports 2013 Winter Case;Covert
G3SG1 | Azure Zebra;eSports 2013 Winter Case;Mil-Spec
P250 | Steel Disruption;eSports 2013 Winter Case;Mil-Spec
P90 | Blind Spot;eSports 2013 Winter Case;Restricted
FAMAS | Afterimage;eSports 2013 Winter Case;Classified
Five-SeveN | Nightshade;eSports 2013 Winter Case;Mil-Spec
Sawed-Off | The Kraken;Winter Offensive Weapon Case;Covert
CZ75-Auto | Crimson Web;CS:GO Weapon Case 3;Mil-Spec
P2000 | Red FragCam;CS:GO Weapon Case 3;Mil-Spec
Dual Berettas | Panther;CS:GO Weapon Case 3;Mil-Spec
USP-S | Stainless;CS:GO Weapon Case 3;Mil-Spec
Glock-18 | Blue Fissure;CS:GO Weapon Case 3;Mil-Spec
CZ75-Auto | Tread Plate;CS:GO Weapon Case 3;Restricted
Tec-9 | Titanium Bit;CS:GO Weapon Case 3;Restricted
Desert Eagle | Heirloom;CS:GO Weapon Case 3;Restricted
Five-SeveN | Copper Galaxy;CS:GO Weapon Case 3;Restricted
CZ75-Auto | The Fuschia Is Now;CS:GO Weapon Case 3;Classified
P250 | Undertow;CS:GO Weapon Case 3;Classified
CZ75-Auto | Victoria;CS:GO Weapon Case 3;Covert
UMP-45 | Corporal;Operation Phoenix Weapon Case;Mil-Spec
Negev | Terrain;Operation Phoenix Weapon Case;Mil-Spec
Tec-9 | Sandstorm;Operation Phoenix Weapon Case;Mil-Spec
MAG-7 | Heaven Guard;Operation Phoenix Weapon Case;Mil-Spec
MAC-10 | Heat;Operation Phoenix Weapon Case;Restricted
SG 553 | Pulse;Operation Phoenix Weapon Case;Restricted
FAMAS | Sergeant;Operation Phoenix Weapon Case;Restricted
USP-S | Guardian;Operation Phoenix Weapon Case;Restricted
AK-47 | Redline;Operation Phoenix Weapon Case;Classified
P90 | Trigon;Operation Phoenix Weapon Case;Classified
Nova | Antique;Operation Phoenix Weapon Case;Classified
AWP | Asiimov;Operation Phoenix Weapon Case;Covert
AUG | Chameleon;Operation Phoenix Weapon Case;Covert
Gut Knife |  (Vanilla);Revolver Case;Knife
Gut Knife | Blue Steel;Revolver Case;Knife
Gut Knife | Boreal Forest;Revolver Case;Knife
Gut Knife | Case Hardened;Revolver Case;Knife
Gut Knife | Crimson Web;Revolver Case;Knife
Gut Knife | Fade;Revolver Case;Knife
Gut Knife | Forest DDPAT;Revolver Case;Knife
Gut Knife | Night;Revolver Case;Knife
Gut Knife | Safari Mesh;Revolver Case;Knife
Gut Knife | Scorched;Revolver Case;Knife
Gut Knife | Slaughter;Revolver Case;Knife
Gut Knife | Stained;Revolver Case;Knife
Gut Knife | Urban Masked;Revolver Case;Knife
Flip Knife |  (Vanilla);Revolver Case;Knife
Flip Knife | Blue Steel;Revolver Case;Knife
Flip Knife | Boreal Forest;Revolver Case;Knife
Flip Knife | Case Hardened;Revolver Case;Knife
Flip Knife | Crimson Web;Revolver Case;Knife
Flip Knife | Fade;Revolver Case;Knife
Flip Knife | Forest DDPAT;Revolver Case;Knife
Flip Knife | Night;Revolver Case;Knife
Flip Knife | Safari Mesh;Revolver Case;Knife
Flip Knife | Scorched;Revolver Case;Knife
Flip Knife | Slaughter;Revolver Case;Knife
Flip Knife | Stained;Revolver Case;Knife
Flip Knife | Urban Masked;Revolver Case;Knife
Bayonet |  (Vanilla);Revolver Case;Knife
Bayonet | Blue Steel;Revolver Case;Knife
Bayonet | Boreal Forest;Revolver Case;Knife
Bayonet | Case Hardened;Revolver Case;Knife
Bayonet | Crimson Web;Revolver Case;Knife
Bayonet | Fade;Revolver Case;Knife
Bayonet | Forest DDPAT;Revolver Case;Knife
Bayonet | Night;Revolver Case;Knife
Bayonet | Safari Mesh;Revolver Case;Knife
Bayonet | Scorched;Revolver Case;Knife
Bayonet | Slaughter;Revolver Case;Knife
Bayonet | Stained;Revolver Case;Knife
Bayonet | Urban Masked;Revolver Case;Knife
M9 Bayonet |  (Vanilla);Revolver Case;Knife
M9 Bayonet | Blue Steel;Revolver Case;Knife
M9 Bayonet | Boreal Forest;Revolver Case;Knife
M9 Bayonet | Case Hardened;Revolver Case;Knife
M9 Bayonet | Crimson Web;Revolver Case;Knife
M9 Bayonet | Fade;Revolver Case;Knife
M9 Bayonet | Forest DDPAT;Revolver Case;Knife
M9 Bayonet | Night;Revolver Case;Knife
M9 Bayonet | Safari Mesh;Revolver Case;Knife
M9 Bayonet | Scorched;Revolver Case;Knife
M9 Bayonet | Slaughter;Revolver Case;Knife
M9 Bayonet | Stained;Revolver Case;Knife
M9 Bayonet | Urban Masked;Revolver Case;Knife
Karambit |  (Vanilla);Revolver Case;Knife
Karambit | Blue Steel;Revolver Case;Knife
Karambit | Boreal Forest;Revolver Case;Knife
Karambit | Case Hardened;Revolver Case;Knife
Karambit | Crimson Web;Revolver Case;Knife
Karambit | Fade;Revolver Case;Knife
Karambit | Forest DDPAT;Revolver Case;Knife
Karambit | Night;Revolver Case;Knife
Karambit | Safari Mesh;Revolver Case;Knife
Karambit | Scorched;Revolver Case;Knife
Karambit | Slaughter;Revolver Case;Knife
Karambit | Stained;Revolver Case;Knife
Karambit | Urban Masked;Revolver Case;Knife
Tec-9 | Isaac;Huntsman Weapon Case;Mil-Spec
SSG 08 | Slashed;Huntsman Weapon Case;Mil-Spec
Dual Berettas | Retribution;The Huntsman Collection;Mil-Spec
Galil AR | Kami;Huntsman Weapon Case;Mil-Spec
P90 | Desert Warfare;The Huntsman Collection;Mil-Spec
CZ75-Auto | Poison Dart;The Huntsman Collection;Mil-Spec
AUG | Torque;Huntsman Weapon Case;Restricted
PP-Bizon | Antique;Huntsman Weapon Case;Restricted
MAC-10 | Curse;The Huntsman Collection;Restricted
XM1014 | Heaven Guard;Huntsman Weapon Case;Restricted
M4A1-S | Atomic Alloy;Huntsman Weapon Case;Classified
SCAR-20 | Cyrex;Huntsman Weapon Case;Classified
USP-S | Orion;The Huntsman Collection;Classified
AK-47 | Vulcan;Huntsman Weapon Case;Covert
M4A4 | Howl;;Contraband
P250 | Franklin;The Bank Collection;Classified
AK-47 | Emerald Pinstripe;The Bank Collection;Restricted
CZ75-Auto | Tuxedo;The Bank Collection;Mil-Spec
Desert Eagle | Meteorite;The Bank Collection;Mil-Spec
G3SG1 | Green Apple;The Bank Collection;Industrial Grade
Galil AR | Tuxedo;The Bank Collection;Mil-Spec
Glock-18 | Death Rattle;The Bank Collection;Industrial Grade
MAC-10 | Silver;The Bank Collection;Industrial Grade
MP7 | Forest DDPAT;The Bank Collection;Consumer Grade
Negev | Army Sheen;The Bank Collection;Consumer Grade
Nova | Caged Steel;The Bank Collection;Industrial Grade
Sawed-Off | Forest DDPAT;The Bank Collection;Consumer Grade
SG 553 | Army Sheen;The Bank Collection;Consumer Grade
Tec-9 | Urban DDPAT;The Bank Collection;Consumer Grade
UMP-45 | Carbon Fiber;The Bank Collection;Industrial Grade
Huntsman Knife |  (Vanilla);Huntsman Weapon Case;Knife
Huntsman Knife | Blue Steel;Huntsman Weapon Case;Knife
Huntsman Knife | Boreal Forest;Huntsman Weapon Case;Knife
Huntsman Knife | Case Hardened;Huntsman Weapon Case;Knife
Huntsman Knife | Crimson Web;Huntsman Weapon Case;Knife
Huntsman Knife | Fade;Huntsman Weapon Case;Knife
Huntsman Knife | Forest DDPAT;Huntsman Weapon Case;Knife
Huntsman Knife | Night;Huntsman Weapon Case;Knife
Huntsman Knife | Safari Mesh;Huntsman Weapon Case;Knife
Huntsman Knife | Scorched;Huntsman Weapon Case;Knife
Huntsman Knife | Slaughter;Huntsman Weapon Case;Knife
Huntsman Knife | Stained;Huntsman Weapon Case;Knife
Huntsman Knife | Urban Masked;Huntsman Weapon Case;Knife
CZ75-Auto | Twist;Huntsman Weapon Case;Mil-Spec
P90 | Module;Huntsman Weapon Case;Mil-Spec
P2000 | Pulse;Huntsman Weapon Case;Mil-Spec
MAC-10 | Tatter;Huntsman Weapon Case;Restricted
USP-S | Caiman;Huntsman Weapon Case;Classified
M4A4 | Desert-Strike;Huntsman Weapon Case;Covert
M4A1-S | Cyrex;Operation Breakout Weapon Case;Covert
MP7 | Urban Hazard;Operation Breakout Weapon Case;Mil-Spec
Negev | Desert-Strike;Operation Breakout Weapon Case;Mil-Spec
Nova | Koi;Operation Breakout Weapon Case;Restricted
P250 | Supernova;Operation Breakout Weapon Case;Restricted
SSG 08 | Abyss;Operation Breakout Weapon Case;Mil-Spec
UMP-45 | Labyrinth;Operation Breakout Weapon Case;Mil-Spec
PP-Bizon | Osiris;Operation Breakout Weapon Case;Restricted
CZ75-Auto | Tigris;Operation Breakout Weapon Case;Restricted
Desert Eagle | Conspiracy;Operation Breakout Weapon Case;Classified
Five-SeveN | Fowl Play;Operation Breakout Weapon Case;Classified
Glock-18 | Water Elemental;Operation Breakout Weapon Case;Classified
P2000 | Ivory;Operation Breakout Weapon Case;Mil-Spec
P90 | Asiimov;Operation Breakout Weapon Case;Covert
P90 | Leather;The Baggage Collection;Industrial Grade
MAC-10 | Commuter;The Baggage Collection;Industrial Grade
Sawed-Off | First Class;The Baggage Collection;Mil-Spec
P2000 | Coach Class;The Baggage Collection;Industrial Grade
USP-S | Business Class;The Baggage Collection;Mil-Spec
G3SG1 | Contractor;The Baggage Collection;Consumer Grade
MP7 | Olive Plaid;The Baggage Collection;Consumer Grade
CZ75-Auto | Green Plaid;The Baggage Collection;Consumer Grade
MP9 | Green Plaid;The Baggage Collection;Consumer Grade
SSG 08 | Sand Dune;The Baggage Collection;Consumer Grade
SG 553 | Traveler;The Baggage Collection;Industrial Grade
XM1014 | Red Leather;The Baggage Collection;Mil-Spec
Desert Eagle | Pilot;The Baggage Collection;Restricted
AK-47 | Jet Set;The Baggage Collection;Classified
AK-47 | First Class;The Baggage Collection;Restricted
AWP | Dragon Lore;The Cobblestone Collection;Covert
P90 | Storm;The Cobblestone Collection;Consumer Grade
UMP-45 | Indigo;The Cobblestone Collection;Consumer Grade
MAC-10 | Indigo;The Cobblestone Collection;Consumer Grade
SCAR-20 | Storm;The Cobblestone Collection;Consumer Grade
USP-S | Royal Blue;The Cobblestone Collection;Industrial Grade
Dual Berettas | Briar;The Cobblestone Collection;Consumer Grade
Nova | Green Apple;The Cobblestone Collection;Industrial Grade
MAG-7 | Silver;The Cobblestone Collection;Industrial Grade
MP9 | Dark Age;The Cobblestone Collection;Mil-Spec
Desert Eagle | Hand Cannon;The Cobblestone Collection;Restricted
P2000 | Chainmail;The Cobblestone Collection;Mil-Spec
Sawed-Off | Rust Coat;The Cobblestone Collection;Industrial Grade
M4A1-S | Knight;The Cobblestone Collection;Classified
CZ75-Auto | Chalice;The Cobblestone Collection;Restricted
M4A1-S | Master Piece;The Overpass Collection;Classified
Desert Eagle | Urban DDPAT;The Overpass Collection;Industrial Grade
MP7 | Gunsmoke;The Overpass Collection;Industrial Grade
Glock-18 | Night;The Overpass Collection;Industrial Grade
P2000 | Grassland;The Overpass Collection;Industrial Grade
CZ75-Auto | Nitro;The Overpass Collection;Mil-Spec
Sawed-Off | Sage Spray;The Overpass Collection;Consumer Grade
UMP-45 | Scorched;The Overpass Collection;Consumer Grade
M249 | Contrast Spray;The Overpass Collection;Consumer Grade
MAG-7 | Storm;The Overpass Collection;Consumer Grade
MP9 | Storm;The Overpass Collection;Consumer Grade
XM1014 | VariCamo Blue;The Overpass Collection;Mil-Spec
AWP | Pink DDPAT;The Overpass Collection;Restricted
USP-S | Road Rash;The Overpass Collection;Restricted
SSG 08 | Detour;The Overpass Collection;Mil-Spec
Butterfly Knife |  (Vanilla);Operation Breakout Weapon Case;Knife
Butterfly Knife | Blue Steel;Operation Breakout Weapon Case;Knife
Butterfly Knife | Boreal Forest;Operation Breakout Weapon Case;Knife
Butterfly Knife | Case Hardened;Operation Breakout Weapon Case;Knife
Butterfly Knife | Crimson Web;Operation Breakout Weapon Case;Knife
Butterfly Knife | Fade;Operation Breakout Weapon Case;Knife
Butterfly Knife | Forest DDPAT;Operation Breakout Weapon Case;Knife
Butterfly Knife | Night;Operation Breakout Weapon Case;Knife
Butterfly Knife | Safari Mesh;Operation Breakout Weapon Case;Knife
Butterfly Knife | Scorched;Operation Breakout Weapon Case;Knife
Butterfly Knife | Slaughter;Operation Breakout Weapon Case;Knife
Butterfly Knife | Stained;Operation Breakout Weapon Case;Knife
Butterfly Knife | Urban Masked;Operation Breakout Weapon Case;Knife
M4A4 | Bullet Rain;eSports 2014 Summer Case;Covert
P2000 | Corticera;eSports 2014 Summer Case;Classified
AWP | Corticera;eSports 2014 Summer Case;Classified
AK-47 | Jaguar;eSports 2014 Summer Case;Covert
Nova | Bloomstick;eSports 2014 Summer Case;Classified
AUG | Bengal Tiger;eSports 2014 Summer Case;Classified
Desert Eagle | Crimson Web;eSports 2014 Summer Case;Restricted
Glock-18 | Steel Disruption;eSports 2014 Summer Case;Restricted
MP7 | Ocean Foam;eSports 2014 Summer Case;Restricted
PP-Bizon | Blue Streak;eSports 2014 Summer Case;Restricted
XM1014 | Red Python;eSports 2014 Summer Case;Mil-Spec
Negev | Bratatat;eSports 2014 Summer Case;Mil-Spec
CZ75-Auto | Hexane;eSports 2014 Summer Case;Mil-Spec
USP-S | Blood Tiger;eSports 2014 Summer Case;Mil-Spec
MAC-10 | Ultraviolet;eSports 2014 Summer Case;Mil-Spec
SSG 08 | Dark Water;eSports 2014 Summer Case;Mil-Spec
P90 | Virus;eSports 2014 Summer Case;Restricted
Galil AR | Cerberus;The Cache Collection;Restricted
Tec-9 | Toxic;The Cache Collection;Mil-Spec
Glock-18 | Reactor;The Cache Collection;Mil-Spec
XM1014 | Bone Machine;The Cache Collection;Mil-Spec
MAC-10 | Nuclear Garden;The Cache Collection;Mil-Spec
AUG | Radiation Hazard;The Cache Collection;Industrial Grade
MP9 | Setting Sun;The Cache Collection;Mil-Spec
PP-Bizon | Chemical Green;The Cache Collection;Industrial Grade
Negev | Nuclear Waste;The Cache Collection;Industrial Grade
FAMAS | Styx;The Cache Collection;Restricted
P250 | Contamination;The Cache Collection;Industrial Grade
Five-SeveN | Hot Shot;The Cache Collection;Industrial Grade
SG 553 | Fallout Warning;The Cache Collection;Industrial Grade
AK-47 | Wasteland Rebel;Operation Vanguard Weapon Case;Covert
Five-SeveN | Urban Hazard;Operation Vanguard Weapon Case;Mil-Spec
G3SG1 | Murky;Operation Vanguard Weapon Case;Mil-Spec
Glock-18 | Grinder;Operation Vanguard Weapon Case;Restricted
M4A1-S | Basilisk;Operation Vanguard Weapon Case;Restricted
M4A4 | Griffin;Operation Vanguard Weapon Case;Restricted
MAG-7 | Firestarter;Operation Vanguard Weapon Case;Mil-Spec
MP9 | Dart;Operation Vanguard Weapon Case;Mil-Spec
P250 | Cartel;Operation Vanguard Weapon Case;Classified
P2000 | Fire Elemental;Operation Vanguard Weapon Case;Covert
Sawed-Off | Highwayman;Operation Vanguard Weapon Case;Restricted
SCAR-20 | Cardiac;Operation Vanguard Weapon Case;Classified
UMP-45 | Delusion;Operation Vanguard Weapon Case;Mil-Spec
XM1014 | Tranquility;Operation Vanguard Weapon Case;Classified
AK-47 | Cartel;Chroma Case;Classified
AWP | Man-o'-war;Chroma Case;Covert
Desert Eagle | Naga;Chroma Case;Restricted
Galil AR | Chatterbox;Chroma Case;Covert
Glock-18 | Catacombs;Chroma Case;Mil-Spec
M249 | System Lock;Chroma Case;Mil-Spec
XM1014 | Quicksilver;Chroma Case;Mil-Spec
MAC-10 | Malachite;Chroma Case;Restricted
MP9 | Deadly Poison;Chroma Case;Mil-Spec
P250 | Muertos;Chroma Case;Classified
M4A4 |  (Dragon King);Chroma Case;Classified
Sawed-Off | Serenity;Chroma Case;Restricted
SCAR-20 | Grotto;Chroma Case;Mil-Spec
Dual Berettas | Urban Shock;Chroma Case;Restricted
Gut Knife | Damascus Steel;Chroma 3 Case;Knife
Gut Knife | Doppler;Chroma 3 Case;Knife
Gut Knife | Marble Fade;Chroma 3 Case;Knife
Gut Knife | Tiger Tooth;Chroma 3 Case;Knife
Gut Knife | Rust Coat;Chroma 3 Case;Knife
Gut Knife | Ultraviolet;Chroma 3 Case;Knife
Flip Knife | Damascus Steel;Chroma 3 Case;Knife
Flip Knife | Doppler;Chroma 3 Case;Knife
Flip Knife | Marble Fade;Chroma 3 Case;Knife
Flip Knife | Tiger Tooth;Chroma 3 Case;Knife
Flip Knife | Rust Coat;Chroma 3 Case;Knife
Flip Knife | Ultraviolet;Chroma 3 Case;Knife
Bayonet | Damascus Steel;Chroma 3 Case;Knife
Bayonet | Doppler;Chroma 3 Case;Knife
Bayonet | Marble Fade;Chroma 3 Case;Knife
Bayonet | Tiger Tooth;Chroma 3 Case;Knife
Bayonet | Rust Coat;Chroma 3 Case;Knife
Bayonet | Ultraviolet;Chroma 3 Case;Knife
M9 Bayonet | Damascus Steel;Chroma 3 Case;Knife
M9 Bayonet | Doppler;Chroma 3 Case;Knife
M9 Bayonet | Marble Fade;Chroma 3 Case;Knife
M9 Bayonet | Tiger Tooth;Chroma 3 Case;Knife
M9 Bayonet | Rust Coat;Chroma 3 Case;Knife
M9 Bayonet | Ultraviolet;Chroma 3 Case;Knife
Karambit | Damascus Steel;Chroma 3 Case;Knife
Karambit | Doppler;Chroma 3 Case;Knife
Karambit | Marble Fade;Chroma 3 Case;Knife
Karambit | Tiger Tooth;Chroma 3 Case;Knife
Karambit | Rust Coat;Chroma 3 Case;Knife
Karambit | Ultraviolet;Chroma 3 Case;Knife
MAC-10 | Neon Rider;Chroma 2 Case;Covert
M4A1-S | Hyper Beast;Chroma 2 Case;Covert
FAMAS | Djinn;Chroma 2 Case;Classified
Galil AR | Eco;Chroma 2 Case;Classified
Five-SeveN | Monkey Business;Chroma 2 Case;Classified
UMP-45 | Grand Prix;Chroma 2 Case;Restricted
CZ75-Auto | Pole Position;Chroma 2 Case;Restricted
MAG-7 | Heat;Chroma 2 Case;Restricted
AWP | Worm God;Chroma 2 Case;Restricted
Sawed-Off | Origami;Chroma 2 Case;Mil-Spec
Negev | Man-o'-war;Chroma 2 Case;Mil-Spec
P250 | Valence;Chroma 2 Case;Mil-Spec
Desert Eagle | Bronze Deco;Chroma 2 Case;Mil-Spec
MP7 | Armor Core;Chroma 2 Case;Mil-Spec
AK-47 | Elite Build;Chroma 2 Case;Mil-Spec
AWP | Hyper Beast;Falchion Case;Covert
AK-47 | Aquamarine Revenge;Falchion Case;Covert
SG 553 | Cyrex;Falchion Case;Classified
MP7 | Nemesis;Falchion Case;Classified
CZ75-Auto | Yellow Jacket;Falchion Case;Classified
P2000 | Handgun;Falchion Case;Restricted
Negev | Loudmouth;Falchion Case;Restricted
MP9 | Ruby Poison Dart;Falchion Case;Restricted
M4A4 | Evil Daimyo;Falchion Case;Restricted
FAMAS | Neural Net;Falchion Case;Restricted
USP-S | Torque;Falchion Case;Mil-Spec
UMP-45 | Riot;Falchion Case;Mil-Spec
P90 | Elite Build;Falchion Case;Mil-Spec
Nova | Ranger;Falchion Case;Mil-Spec
Glock-18 | Bunsen Burner;Falchion Case;Mil-Spec
Galil AR | Rocket Pop;Falchion Case;Mil-Spec
SCAR-20 | Army Sheen;The Chop Shop Collection;Consumer Grade
CZ75-Auto | Army Sheen;The Chop Shop Collection;Consumer Grade
M249 | Impact Drill;The Chop Shop Collection;Consumer Grade
MAG-7 | Seabird;The Chop Shop Collection;Consumer Grade
Desert Eagle | Night;The Chop Shop Collection;Industrial Grade
Galil AR | Urban Rubble;The Chop Shop Collection;Industrial Grade
USP-S | Para Green;The Chop Shop Collection;Industrial Grade
MAC-10 | Fade;The Chop Shop Collection;Mil-Spec
P250 | Whiteout;The Chop Shop Collection;Mil-Spec
MP7 | Full Stop;The Chop Shop Collection;Mil-Spec
Five-SeveN | Nitro;The Chop Shop Collection;Mil-Spec
CZ75-Auto | Emerald;The Chop Shop Collection;Mil-Spec
SG 553 | Bulldozer;The Chop Shop Collection;Restricted
Dual Berettas | Duelist;The Chop Shop Collection;Restricted
Glock-18 | Twilight Galaxy;The Chop Shop Collection;Classified
M4A1-S | Hot Rod;The Chop Shop Collection;Classified
MP7 | Asterion;The Gods and Monsters Collection;Consumer Grade
AUG | Daedalus;The Gods and Monsters Collection;Consumer Grade
Dual Berettas | Moon in Libra;The Gods and Monsters Collection;Consumer Grade
Nova | Moon in Libra;The Gods and Monsters Collection;Consumer Grade
Tec-9 | Hades;The Gods and Monsters Collection;Industrial Grade
P2000 | Pathfinder;The Gods and Monsters Collection;Industrial Grade
AWP | Sun in Leo;The Gods and Monsters Collection;Industrial Grade
M249 | Shipping Forecast;The Gods and Monsters Collection;Industrial Grade
UMP-45 | Minotaur's Labyrinth;The Gods and Monsters Collection;Mil-Spec
MP9 | Pandora's Box;The Gods and Monsters Collection;Mil-Spec
G3SG1 | Chronos;The Gods and Monsters Collection;Restricted
M4A1-S | Icarus Fell;The Gods and Monsters Collection;Restricted
M4A4 | Poseidon;The Gods and Monsters Collection;Classified
AWP | Medusa;The Gods and Monsters Collection;Covert
PP-Bizon | Bamboo Print;The Rising Sun Collection;Consumer Grade
Sawed-Off | Bamboo Shadow;The Rising Sun Collection;Consumer Grade
Tec-9 | Bamboo Forest;The Rising Sun Collection;Consumer Grade
G3SG1 | Orange Kimono;The Rising Sun Collection;Consumer Grade
P250 | Mint Kimono;The Rising Sun Collection;Consumer Grade
P250 | Crimson Kimono;The Rising Sun Collection;Industrial Grade
Desert Eagle | Midnight Storm;The Rising Sun Collection;Industrial Grade
Galil AR | Aqua Terrace;The Rising Sun Collection;Mil-Spec
MAG-7 | Counter Terrace;The Rising Sun Collection;Mil-Spec
Tec-9 | Terrace;The Rising Sun Collection;Mil-Spec
Five-SeveN | Neon Kimono;The Rising Sun Collection;Restricted
Desert Eagle | Sunset Storm ;The Rising Sun Collection;Restricted
Desert Eagle | Sunset Storm ;The Rising Sun Collection;Restricted
M4A4 | Daybreak;The Rising Sun Collection;Restricted
AK-47 | Hydroponic;The Rising Sun Collection;Classified
AUG | Akihabara Accept;The Rising Sun Collection;Covert
Falchion Knife |  (Vanilla);Falchion Case;Knife
Falchion Knife | Blue Steel;Falchion Case;Knife
Falchion Knife | Boreal Forest;Falchion Case;Knife
Falchion Knife | Case Hardened;Falchion Case;Knife
Falchion Knife | Crimson Web;Falchion Case;Knife
Falchion Knife | Fade;Falchion Case;Knife
Falchion Knife | Forest DDPAT;Falchion Case;Knife
Falchion Knife | Night;Falchion Case;Knife
Falchion Knife | Safari Mesh;Falchion Case;Knife
Falchion Knife | Scorched;Falchion Case;Knife
Falchion Knife | Slaughter;Falchion Case;Knife
Falchion Knife | Stained;Falchion Case;Knife
Falchion Knife | Urban Masked;Falchion Case;Knife
Dual Berettas | Dualing Dragons;Shadow Case;Mil-Spec
FAMAS | Survivor Z;Shadow Case;Mil-Spec
Glock-18 | Wraiths;Shadow Case;Mil-Spec
MAC-10 | Rangeen;Shadow Case;Mil-Spec
MAG-7 | Cobalt Core;Shadow Case;Mil-Spec
SCAR-20 | Green Marine;Shadow Case;Mil-Spec
XM1014 | Scumbria;Shadow Case;Mil-Spec
Galil AR | Stone Cold;Shadow Case;Restricted
M249 | Nebula Crusader;Shadow Case;Restricted
MP7 | Special Delivery;Shadow Case;Restricted
P250 | Wingshot;Shadow Case;Restricted
AK-47 | Frontside Misty;Shadow Case;Classified
G3SG1 | Flux;Shadow Case;Classified
SSG 08 | Big Iron;Shadow Case;Classified
M4A1-S | Golden Coil;Shadow Case;Covert
USP-S | Kill Confirmed;Shadow Case;Covert
Shadow Daggers |  (Vanilla);Shadow Case;Knife
Shadow Daggers | Blue Steel;Shadow Case;Knife
Shadow Daggers | Boreal Forest;Shadow Case;Knife
Shadow Daggers | Case Hardened;Shadow Case;Knife
Shadow Daggers | Crimson Web;Shadow Case;Knife
Shadow Daggers | Fade;Shadow Case;Knife
Shadow Daggers | Forest DDPAT;Shadow Case;Knife
Shadow Daggers | Night;Shadow Case;Knife
Shadow Daggers | Safari Mesh;Shadow Case;Knife
Shadow Daggers | Scorched;Shadow Case;Knife
Shadow Daggers | Slaughter;Shadow Case;Knife
Shadow Daggers | Stained;Shadow Case;Knife
Shadow Daggers | Urban Masked;Shadow Case;Knife
R8 Revolver | Fade;Revolver Case;Covert
M4A4 | Royal Paladin;Revolver Case;Covert
R8 Revolver | Crimson Web;Revolver Case;Mil-Spec
AUG | Ricochet;Revolver Case;Mil-Spec
Desert Eagle | Corinthian;Revolver Case;Mil-Spec
P2000 | Imperial;Revolver Case;Mil-Spec
Sawed-Off | Yorick;Revolver Case;Mil-Spec
SCAR-20 | Outbreak;Revolver Case;Mil-Spec
PP-Bizon | Fuel Rod;Revolver Case;Restricted
Negev | Power Loader;Revolver Case;Restricted
Five-SeveN | Retrobution;Revolver Case;Restricted
SG 553 | Tiger Moth;Revolver Case;Restricted
Tec-9 | Avalanche;Revolver Case;Restricted
XM1014 | Teclu Burner;Revolver Case;Restricted
AK-47 | Point Disarray;Revolver Case;Classified
P90 | Shapewood;Revolver Case;Classified
G3SG1 | The Executioner;Revolver Case;Classified
R8 Revolver | Amber Fade;The Dust 2 Collection;Classified
R8 Revolver | Bone Mask;The Bank Collection;Consumer Grade
PP-Bizon | Photic Zone;Operation Wildfire Case;Mil-Spec
Dual Berettas | Cartel;Operation Wildfire Case;Mil-Spec
MAC-10 | Lapis Gator;Operation Wildfire Case;Mil-Spec
SSG 08 | Necropos;Operation Wildfire Case;Mil-Spec
Tec-9 | Jambiya;Operation Wildfire Case;Mil-Spec
USP-S | Lead Conduit;Operation Wildfire Case;Mil-Spec
FAMAS | Valence;Operation Wildfire Case;Restricted
Five-SeveN | Triumvirate;Operation Wildfire Case;Restricted
Glock-18 | Royal Legion;Operation Wildfire Case;Restricted
MAG-7 | Praetorian;Operation Wildfire Case;Restricted
MP7 | Impire;Operation Wildfire Case;Restricted
AWP | Elite Build;Operation Wildfire Case;Classified
Desert Eagle | Kumicho Dragon;Operation Wildfire Case;Classified
Nova | Hyper Beast;Operation Wildfire Case;Classified
AK-47 | Fuel Injector;Operation Wildfire Case;Covert
M4A4 | The Battlestar;Operation Wildfire Case;Covert
Bowie Knife |  (Vanilla);Operation Wildfire Case;Knife
Bowie Knife | Blue Steel;Operation Wildfire Case;Knife
Bowie Knife | Boreal Forest;Operation Wildfire Case;Knife
Bowie Knife | Case Hardened;Operation Wildfire Case;Knife
Bowie Knife | Crimson Web;Operation Wildfire Case;Knife
Bowie Knife | Fade;Operation Wildfire Case;Knife
Bowie Knife | Forest DDPAT;Operation Wildfire Case;Knife
Bowie Knife | Night;Operation Wildfire Case;Knife
Bowie Knife | Safari Mesh;Operation Wildfire Case;Knife
Bowie Knife | Scorched;Operation Wildfire Case;Knife
Bowie Knife | Slaughter;Operation Wildfire Case;Knife
Bowie Knife | Stained;Operation Wildfire Case;Knife
Bowie Knife | Urban Masked;Operation Wildfire Case;Knife
AUG | Fleet Flock;Chroma 3 Case;Classified
PP-Bizon | Judgement of Anubis;Chroma 3 Case;Covert
CZ75-Auto | Red Astor;Chroma 3 Case;Restricted
Dual Berettas | Ventilators;Chroma 3 Case;Mil-Spec
G3SG1 | Orange Crash;Chroma 3 Case;Mil-Spec
Galil AR | Firefight;Chroma 3 Case;Restricted
M249 | Spectre;Chroma 3 Case;Mil-Spec
M4A1-S | Chantico's Fire;Chroma 3 Case;Covert
MP9 | Bioleak;Chroma 3 Case;Mil-Spec
P2000 | Oceanic;Chroma 3 Case;Mil-Spec
P250 | Asiimov;Chroma 3 Case;Classified
Sawed-Off | Fubar;Chroma 3 Case;Mil-Spec
SG 553 | Atlas;Chroma 3 Case;Mil-Spec
SSG 08 | Ghost Crusader;Chroma 3 Case;Restricted
Tec-9 | Re-Entry;Chroma 3 Case;Restricted
UMP-45 | Primal Saber;Chroma 3 Case;Classified
XM1014 | Black Tie;Chroma 3 Case;Restricted
M4A1-S | Mecha Industries;Gamma Case;Covert
Glock-18 | Wasteland Rebel;Gamma Case;Covert
SCAR-20 | Bloodsport;Gamma Case;Classified
P2000 | Imperial Dragon;Gamma Case;Classified
M4A4 | Desolate Space;Gamma Case;Classified
Sawed-Off | Limelight;Gamma Case;Restricted
R8 Revolver | Reboot;Gamma Case;Restricted
P90 | Chopper;Gamma Case;Restricted
AWP | Phobos;Gamma Case;Restricted
AUG | Aristocrat;Gamma Case;Restricted
Tec-9 | Ice Cap;Gamma Case;Mil-Spec
SG 553 | Aerial;Gamma Case;Mil-Spec
PP-Bizon | Harvester;Gamma Case;Mil-Spec
P250 | Iron Clad;Gamma Case;Mil-Spec
Nova | Exo;Gamma Case;Mil-Spec
MAC-10 | Carnivore;Gamma Case;Mil-Spec
Five-SeveN | Violent Daimyo;Gamma Case;Mil-Spec
Bayonet | Lore;Gamma Case;Knife
Flip Knife | Lore;Gamma Case;Knife
Gut Knife | Lore;Gamma Case;Knife
Karambit | Lore;Gamma Case;Knife
M9 Bayonet | Lore;Gamma Case;Knife
Bayonet | Black Laminate;Gamma Case;Knife
Flip Knife | Black Laminate;Gamma Case;Knife
Gut Knife | Black Laminate;Gamma Case;Knife
Karambit | Black Laminate;Gamma Case;Knife
M9 Bayonet | Black Laminate;Gamma Case;Knife
Bayonet | Gamma Doppler;Gamma Case;Knife
Flip Knife | Gamma Doppler;Gamma Case;Knife
Gut Knife | Gamma Doppler;Gamma Case;Knife
Karambit | Gamma Doppler;Gamma Case;Knife
M9 Bayonet | Gamma Doppler;Gamma Case;Knife
Bayonet | Autotronic;Gamma Case;Knife
Flip Knife | Autotronic;Gamma Case;Knife
Gut Knife | Autotronic;Gamma Case;Knife
Karambit | Autotronic;Gamma Case;Knife
M9 Bayonet | Autotronic;Gamma Case;Knife
Bayonet | Bright Water;Gamma Case;Knife
Flip Knife | Bright Water;Gamma Case;Knife
Gut Knife | Bright Water;Gamma Case;Knife
Karambit | Bright Water;Gamma Case;Knife
M9 Bayonet | Bright Water;Gamma Case;Knife
Bayonet | Freehand;Gamma Case;Knife
Flip Knife | Freehand;Gamma Case;Knife
Gut Knife | Freehand;Gamma Case;Knife
Karambit | Freehand;Gamma Case;Knife
M9 Bayonet | Freehand;Gamma Case;Knife
AK-47 | Neon Revolution;Gamma 2 Case;Covert
AUG | Syd Mead;Gamma 2 Case;Classified
CZ75-Auto | Imprint;Gamma 2 Case;Mil-Spec
Desert Eagle | Directive;Gamma 2 Case;Restricted
FAMAS | Roll Cage;Gamma 2 Case;Covert
Five-SeveN | Scumbria;Gamma 2 Case;Mil-Spec
G3SG1 | Ventilator;Gamma 2 Case;Mil-Spec
Glock-18 | Weasel;Gamma 2 Case;Restricted
MAG-7 | Petroglyph;Gamma 2 Case;Restricted
MP9 | Airlock;Gamma 2 Case;Classified
Negev | Dazzle;Gamma 2 Case;Mil-Spec
P90 | Grim;Gamma 2 Case;Mil-Spec
SCAR-20 | Powercore;Gamma 2 Case;Restricted
SG 553 | Triarch;Gamma 2 Case;Restricted
Tec-9 | Fuel Injector;Gamma 2 Case;Classified
UMP-45 | Briefing;Gamma 2 Case;Mil-Spec
XM1014 | Slipstream;Gamma 2 Case;Mil-Spec
CZ75-Auto | Polymer;Glove Case;Mil-Spec
Glock-18 | Ironwork;Glove Case;Mil-Spec
MP7 | Cirrus;Glove Case;Mil-Spec
Galil AR | Black Sand;Glove Case;Mil-Spec
MP9 | Sand Scale;Glove Case;Mil-Spec
MAG-7 | Sonar;Glove Case;Mil-Spec
P2000 | Turf;Glove Case;Mil-Spec
Dual Berettas | Royal Consorts;Glove Case;Restricted
G3SG1 | Stinger;Glove Case;Restricted
M4A1-S | Flashback;Glove Case;Restricted
Nova | Gila;Glove Case;Restricted
USP-S | Cyrex;Glove Case;Restricted
FAMAS | Mecha Industries;Glove Case;Classified
P90 | Shallow Grave;Glove Case;Classified
Sawed-Off | Wasteland Princess;Glove Case;Classified
SSG 08 | Dragonfire;Glove Case;Covert
M4A4 | Buzz Kill;Glove Case;Covert
PP-Bizon | Jungle Slipstream;Spectrum Case;Mil-Spec
SCAR-20 | Blueprint;Spectrum Case;Mil-Spec
Desert Eagle | Oxide Blaze;Spectrum Case;Mil-Spec
Five-SeveN | Capillary;Spectrum Case;Mil-Spec
MP7 | Akoben;Spectrum Case;Mil-Spec
P250 | Ripple;Spectrum Case;Mil-Spec
Sawed-Off | Zander;Spectrum Case;Mil-Spec
Galil AR | Crimson Tsunami;Spectrum Case;Restricted
M249 | Emerald Poison Dart;Spectrum Case;Restricted
MAC-10 | Last Dive;Spectrum Case;Restricted
UMP-45 | Scaffold;Spectrum Case;Restricted
XM1014 | Seasons;Spectrum Case;Restricted
AWP | Fever Dream;Spectrum Case;Classified
CZ75-Auto | Xiangliu;Spectrum Case;Classified
M4A1-S | Decimator;Spectrum Case;Classified
AK-47 | Bloodsport;Spectrum Case;Covert
USP-S | Neo-Noir;Spectrum Case;Covert
Bowie Knife | Damascus Steel;Spectrum Case;Knife
Bowie Knife | Doppler;Spectrum Case;Knife
Bowie Knife | Marble Fade;Spectrum Case;Knife
Bowie Knife | Tiger Tooth;Spectrum Case;Knife
Bowie Knife | Rust Coat;Spectrum Case;Knife
Bowie Knife | Ultraviolet;Spectrum Case;Knife
Butterfly Knife | Damascus Steel;Spectrum Case;Knife
Butterfly Knife | Doppler;Spectrum Case;Knife
Butterfly Knife | Marble Fade;Spectrum Case;Knife
Butterfly Knife | Tiger Tooth;Spectrum Case;Knife
Butterfly Knife | Rust Coat;Spectrum Case;Knife
Butterfly Knife | Ultraviolet;Spectrum Case;Knife
Falchion Knife | Damascus Steel;Spectrum Case;Knife
Falchion Knife | Doppler;Spectrum Case;Knife
Falchion Knife | Marble Fade;Spectrum Case;Knife
Falchion Knife | Tiger Tooth;Spectrum Case;Knife
Falchion Knife | Rust Coat;Spectrum Case;Knife
Falchion Knife | Ultraviolet;Spectrum Case;Knife
Huntsman Knife | Damascus Steel;Spectrum Case;Knife
Huntsman Knife | Doppler;Spectrum Case;Knife
Huntsman Knife | Marble Fade;Spectrum Case;Knife
Huntsman Knife | Tiger Tooth;Spectrum Case;Knife
Huntsman Knife | Rust Coat;Spectrum Case;Knife
Huntsman Knife | Ultraviolet;Spectrum Case;Knife
Shadow Daggers | Damascus Steel;Spectrum Case;Knife
Shadow Daggers | Doppler;Spectrum Case;Knife
Shadow Daggers | Marble Fade;Spectrum Case;Knife
Shadow Daggers | Tiger Tooth;Spectrum Case;Knife
Shadow Daggers | Rust Coat;Spectrum Case;Knife
Shadow Daggers | Ultraviolet;Spectrum Case;Knife
USP-S | Blueprint;Operation Hydra Case;Mil-Spec
FAMAS | Macabre;Operation Hydra Case;Mil-Spec
M4A1-S | Briefing;Operation Hydra Case;Mil-Spec
MAC-10 | Aloha;Operation Hydra Case;Mil-Spec
MAG-7 | Hard Water;Operation Hydra Case;Mil-Spec
Tec-9 | Cut Out;Operation Hydra Case;Mil-Spec
UMP-45 | Metal Flowers;Operation Hydra Case;Mil-Spec
AK-47 | Orbit Mk01;Operation Hydra Case;Restricted
P2000 | Woodsman;Operation Hydra Case;Restricted
P250 | Red Rock;Operation Hydra Case;Restricted
P90 | Death Grip;Operation Hydra Case;Restricted
SSG 08 | Death's Head;Operation Hydra Case;Restricted
Dual Berettas | Cobra Strike;Operation Hydra Case;Classified
Galil AR | Sugar Rush;Operation Hydra Case;Classified
M4A4 | Hellfire;Operation Hydra Case;Classified
Five-SeveN | Hyper Beast;Operation Hydra Case;Covert
AWP | Oni Taiji;Operation Hydra Case;Covert
Sawed-Off | Morris;Spectrum 2 Case;Mil-Spec
AUG | Triqua;Spectrum 2 Case;Mil-Spec
G3SG1 | Hunter;Spectrum 2 Case;Mil-Spec
Glock-18 | Off World;Spectrum 2 Case;Mil-Spec
MAC-10 | Oceanic;Spectrum 2 Case;Mil-Spec
Tec-9 | Cracked Opal;Spectrum 2 Case;Mil-Spec
SCAR-20 | Jungle Slipstream;Spectrum 2 Case;Mil-Spec
MP9 | Goo;Spectrum 2 Case;Restricted
SG 553 | Phantom;Spectrum 2 Case;Restricted
CZ75-Auto | Tacticat;Spectrum 2 Case;Restricted
UMP-45 | Exposure;Spectrum 2 Case;Restricted
XM1014 | Ziggy;Spectrum 2 Case;Restricted
PP-Bizon | High Roller;Spectrum 2 Case;Classified
M4A1-S | Leaded Glass;Spectrum 2 Case;Classified
R8 Revolver | Llama Cannon;Spectrum 2 Case;Classified
AK-47 | The Empress;Spectrum 2 Case;Covert
P250 | See Ya Later;Spectrum 2 Case;Covert
PP-Bizon | Night Riot;Clutch Case;Mil-Spec
Five-SeveN | Flame Test;Clutch Case;Mil-Spec
MP9 | Black Sand;Clutch Case;Mil-Spec
P2000 | Urban Hazard;Clutch Case;Mil-Spec
R8 Revolver | Grip;Clutch Case;Mil-Spec
SG 553 | Aloha;Clutch Case;Mil-Spec
XM1014 | Oxide Blaze;Clutch Case;Mil-Spec
Glock-18 | Moonrise;Clutch Case;Restricted
Negev | Lionfish;Clutch Case;Restricted
Nova | Wild Six;Clutch Case;Restricted
MAG-7 | SWAG-7;Clutch Case;Restricted
UMP-45 | Arctic Wolf;Clutch Case;Restricted
AUG | Stymphalian;Clutch Case;Classified
AWP | Mortis;Clutch Case;Classified
USP-S | Cortex;Clutch Case;Classified
M4A4 | Neo-Noir;Clutch Case;Covert
MP7 | Bloodsport;Clutch Case;Covert
AUG | Amber Slipstream;Horizon Case;Mil-Spec
Dual Berettas | Shred;Horizon Case;Mil-Spec
Glock-18 | Warhawk;Horizon Case;Mil-Spec
MP9 | Capillary;Horizon Case;Mil-Spec
P90 | Traction;Horizon Case;Mil-Spec
R8 Revolver | Survivalist;Horizon Case;Mil-Spec
Tec-9 | Snek-9;Horizon Case;Mil-Spec
CZ75-Auto | Eco;Horizon Case;Restricted
G3SG1 | High Seas;Horizon Case;Restricted
Nova | Toy Soldier;Horizon Case;Restricted
AWP | PAW;Horizon Case;Restricted
MP7 | Powercore;Horizon Case;Restricted
M4A1-S | Nightmare;Horizon Case;Classified
Sawed-Off | Devourer;Horizon Case;Classified
FAMAS | Eye of Athena;Horizon Case;Classified
AK-47 | Neon Rider;Horizon Case;Covert
Desert Eagle | Code Red;Horizon Case;Covert
Stiletto Knife |  (Vanilla);Horizon Case;Knife
Stiletto Knife | Blue Steel;Horizon Case;Knife
Stiletto Knife | Boreal Forest;Horizon Case;Knife
Stiletto Knife | Case Hardened;Horizon Case;Knife
Stiletto Knife | Crimson Web;Horizon Case;Knife
Stiletto Knife | Fade;Horizon Case;Knife
Stiletto Knife | Forest DDPAT;Horizon Case;Knife
Stiletto Knife | Night Stripe;Horizon Case;Knife
Stiletto Knife | Safari Mesh;Horizon Case;Knife
Stiletto Knife | Scorched;Horizon Case;Knife
Stiletto Knife | Slaughter;Horizon Case;Knife
Stiletto Knife | Stained;Horizon Case;Knife
Stiletto Knife | Urban Masked;Horizon Case;Knife
Ursus Knife |  (Vanilla);Horizon Case;Knife
Ursus Knife | Blue Steel;Horizon Case;Knife
Ursus Knife | Boreal Forest;Horizon Case;Knife
Ursus Knife | Case Hardened;Horizon Case;Knife
Ursus Knife | Crimson Web;Horizon Case;Knife
Ursus Knife | Fade;Horizon Case;Knife
Ursus Knife | Forest DDPAT;Horizon Case;Knife
Ursus Knife | Night Stripe;Horizon Case;Knife
Ursus Knife | Safari Mesh;Horizon Case;Knife
Ursus Knife | Scorched;Horizon Case;Knife
Ursus Knife | Slaughter;Horizon Case;Knife
Ursus Knife | Stained;Horizon Case;Knife
Ursus Knife | Urban Masked;Horizon Case;Knife
Navaja Knife |  (Vanilla);Horizon Case;Knife
Navaja Knife | Blue Steel;Horizon Case;Knife
Navaja Knife | Boreal Forest;Horizon Case;Knife
Navaja Knife | Case Hardened;Horizon Case;Knife
Navaja Knife | Crimson Web;Horizon Case;Knife
Navaja Knife | Fade;Horizon Case;Knife
Navaja Knife | Forest DDPAT;Horizon Case;Knife
Navaja Knife | Night Stripe;Horizon Case;Knife
Navaja Knife | Safari Mesh;Horizon Case;Knife
Navaja Knife | Scorched;Horizon Case;Knife
Navaja Knife | Slaughter;Horizon Case;Knife
Navaja Knife | Stained;Horizon Case;Knife
Navaja Knife | Urban Masked;Horizon Case;Knife
Talon Knife |  (Vanilla);Horizon Case;Knife
Talon Knife | Blue Steel;Horizon Case;Knife
Talon Knife | Boreal Forest;Horizon Case;Knife
Talon Knife | Case Hardened;Horizon Case;Knife
Talon Knife | Crimson Web;Horizon Case;Knife
Talon Knife | Fade;Horizon Case;Knife
Talon Knife | Forest DDPAT;Horizon Case;Knife
Talon Knife | Night Stripe;Horizon Case;Knife
Talon Knife | Safari Mesh;Horizon Case;Knife
Talon Knife | Scorched;Horizon Case;Knife
Talon Knife | Slaughter;Horizon Case;Knife
Talon Knife | Stained;Horizon Case;Knife
Talon Knife | Urban Masked;Horizon Case;Knife
PP-Bizon | Facility Sketch;The 2018 Nuke Collection;Consumer Grade
P250 | Facility Draft;The 2018 Nuke Collection;Consumer Grade
UMP-45 | Facility Dark;The 2018 Nuke Collection;Consumer Grade
Five-SeveN | Coolant;The 2018 Nuke Collection;Consumer Grade
Nova | Mandrel;The 2018 Nuke Collection;Consumer Grade
M4A4 | Mainframe;The 2018 Nuke Collection;Industrial Grade
MP7 | Motherboard;The 2018 Nuke Collection;Industrial Grade
Negev | Bulkhead;The 2018 Nuke Collection;Industrial Grade
Galil AR | Cold Fusion;The 2018 Nuke Collection;Industrial Grade
P90 | Facility Negative;The 2018 Nuke Collection;Mil-Spec
MP5-SD | Co-Processor;The 2018 Nuke Collection;Mil-Spec
P250 | Exchanger;The 2018 Nuke Collection;Mil-Spec
AWP | Acheron;The 2018 Nuke Collection;Mil-Spec
AUG | Random Access;The 2018 Nuke Collection;Restricted
MAG-7 | Core Breach;The 2018 Nuke Collection;Restricted
Glock-18 | Nuclear Garden;The 2018 Nuke Collection;Restricted
Tec-9 | Remote Control;The 2018 Nuke Collection;Classified
M4A1-S | Control Panel;The 2018 Nuke Collection;Classified
UMP-45 | Mudder;The 2018 Inferno Collection;Consumer Grade
MP5-SD | Dirt Drop;The 2018 Inferno Collection;Consumer Grade
MP9 | Slide;The 2018 Inferno Collection;Consumer Grade
AUG | Sweeper;The 2018 Inferno Collection;Consumer Grade
MAG-7 | Rust Coat;The 2018 Inferno Collection;Consumer Grade
PP-Bizon | Candy Apple;The 2018 Inferno Collection;Industrial Grade
MAC-10 | Calf Skin;The 2018 Inferno Collection;Industrial Grade
R8 Revolver | Nitro;The 2018 Inferno Collection;Industrial Grade
Glock-18 | High Beam;The 2018 Inferno Collection;Industrial Grade
SSG 08 | Hand Brake;The 2018 Inferno Collection;Mil-Spec
M4A4 | Converter;The 2018 Inferno Collection;Mil-Spec
USP-S | Check Engine;The 2018 Inferno Collection;Mil-Spec
Sawed-Off | Brake Light;The 2018 Inferno Collection;Mil-Spec
P250 | Vino Primo;The 2018 Inferno Collection;Restricted
MP7 | Fade;The 2018 Inferno Collection;Restricted
AK-47 | Safety Net;The 2018 Inferno Collection;Restricted
Dual Berettas | Twin Turbo;The 2018 Inferno Collection;Classified
SG 553 | Integrale;The 2018 Inferno Collection;Classified
MP5-SD | Lab Rats;The Blacksite Collection;Restricted
MP9 | Modest Threat;Danger Zone Case;Mil-Spec
Glock-18 | Oxide Blaze;Danger Zone Case;Mil-Spec
Nova | Wood Fired;Danger Zone Case;Mil-Spec
M4A4 | Magnesium;Danger Zone Case;Mil-Spec
Sawed-Off | Black Sand;Danger Zone Case;Mil-Spec
SG 553 | Danger Close;Danger Zone Case;Mil-Spec
Tec-9 | Fubar;Danger Zone Case;Mil-Spec
G3SG1 | Scavenger;Danger Zone Case;Restricted
Galil AR | Signal;Danger Zone Case;Restricted
MAC-10 | Pipe Down;Danger Zone Case;Restricted
P250 | Nevermore;Danger Zone Case;Restricted
USP-S | Flashback;Danger Zone Case;Restricted
UMP-45 | Momentum;Danger Zone Case;Classified
Desert Eagle | Mecha Industries;Danger Zone Case;Classified
MP5-SD | Phosphor;Danger Zone Case;Classified
AK-47 | Asiimov;Danger Zone Case;Covert
AWP | Neo-Noir;Danger Zone Case;Covert
